version,Regularizer,cluster key,cluster set,cluster dhn,cluster nodes,cluster size,cluster type,cut ratio,is inverted flux,ML input features,ML output features,mae,best_loss
10,0,a,1,1,"[15, 23]",2,1-0,0.5,0,3,0,0.03243259939616258,0.008222995325922966
11,1,a,1,1,"[15, 23]",2,1-0,0.5,0,3,0,0.036702678803886994,0.011600152589380741
10,0,a_prime,1,1,"[56, 45, 46]",3,1-0,0.3333333333333333,0,4,0,0.010706207482913814,0.0034428955987095833
11,1,a_prime,1,1,"[56, 45, 46]",3,1-0,0.3333333333333333,0,4,0,0.013960706337387607,0.007777105551213026
10,0,a_prime_2,1,1,"[26, 27, 42]",3,1-0,0.3333333333333333,0,4,0,0.030319100734542054,0.008353548124432564
11,1,a_prime_2,1,1,"[26, 27, 42]",3,1-0,0.3333333333333333,0,4,0,0.036469894802928,0.012937169522047043
10,0,b,1,1,"[43, 65, 58, 59]",4,1-0,0.25,0,5,0,0.011026432534853896,0.0037754762452095747
11,1,b,1,1,"[43, 65, 58, 59]",4,1-0,0.25,0,5,0,0.016142980208812694,0.009560490027070045
10,0,c,1,1,"[41, 27, 42, 26, 2, 3, 5, 4, 35]",9,1-0,0.1111111111111111,0,10,0,0.015305175430349677,0.004581156186759472
11,1,c,1,1,"[41, 27, 42, 26, 2, 3, 5, 4, 35]",9,1-0,0.1111111111111111,0,10,0,0.02001355469384801,0.00972910039126873
10,0,d,1,1,"[65, 43, 58, 59, 25, 24, 52, 14, 51]",9,1-0,0.1111111111111111,0,10,0,0.015549162131278636,0.004111415706574917
11,1,d,1,1,"[65, 43, 58, 59, 25, 24, 52, 14, 51]",9,1-0,0.1111111111111111,0,10,0,0.02122498605458569,0.00827991683036089
10,0,e,1,1,"[41, 27, 42, 26, 2, 3, 5, 4, 35, 28, 29, 53]",12,1-0,0.08333333333333333,0,13,0,0.016054305961033903,0.004845574963837862
11,1,e,1,1,"[41, 27, 42, 26, 2, 3, 5, 4, 35, 28, 29, 53]",12,1-0,0.08333333333333333,0,13,0,0.02211427861808923,0.01026560552418232
10,0,f,1,1,"[41, 27, 42, 26, 2, 3, 5, 4, 35, 28, 29, 53, 65, 43, 58, 59, 25, 24, 52, 14, 51, 13, 15, 23, 54, 55, 34]",27,1-0,0.037037037037037035,0,28,0,0.016497504242254424,0.004507882986217737
11,1,f,1,1,"[41, 27, 42, 26, 2, 3, 5, 4, 35, 28, 29, 53, 65, 43, 58, 59, 25, 24, 52, 14, 51, 13, 15, 23, 54, 55, 34]",27,1-0,0.037037037037037035,0,28,0,0.023341122024281943,0.009643332101404667
10,0,g,1,1,"[55, 34]",2,1-1,1.0,0,3,1,0.01972400255279291,0.002925432752817869
11,1,g,1,1,"[55, 34]",2,1-1,1.0,0,3,1,0.025241908517641305,0.006194284185767174
10,0,h,1,1,"[25, 24, 52, 14, 51]",5,1-1,0.4,0,6,1,0.06691754686231452,0.00662695849314332
11,1,h,1,1,"[25, 24, 52, 14, 51]",5,1-1,0.4,0,6,1,0.07640806918127739,0.011179315857589245
10,0,i,1,1,"[25, 24, 52, 14, 51, 13, 15, 23]",8,1-1,0.25,0,9,1,0.07245977579707652,0.007477170787751675
11,1,i,1,1,"[25, 24, 52, 14, 51, 13, 15, 23]",8,1-1,0.25,0,9,1,0.08304139864031153,0.01238588709384203
10,0,j,1,1,"[53, 29, 28]",3,1-1,0.6666666666666666,0,4,1,0.027266567098073253,0.0032965214923024178
11,1,j,1,1,"[53, 29, 28]",3,1-1,0.6666666666666666,0,4,1,0.03488725993355502,0.007868449203670025
10,0,k,1,1,"[53, 29, 28, 41, 2, 3, 4, 5, 35]",9,1-1,0.2222222222222222,0,10,1,0.039693283102710475,0.005214226432144642
11,1,k,1,1,"[53, 29, 28, 41, 2, 3, 4, 5, 35]",9,1-1,0.2222222222222222,0,10,1,0.048503029439420725,0.010546935722231865
10,0,l,1,1,"[25, 24, 52, 14, 51, 13, 15, 23, 54, 43, 65, 58, 59]",13,1-1,0.15384615384615385,0,14,1,0.022306899485687967,0.0032607356552034616
11,1,l,1,1,"[25, 24, 52, 14, 51, 13, 15, 23, 54, 43, 65, 58, 59]",13,1-1,0.15384615384615385,0,14,1,0.02800634545863137,0.008531992323696613
10,0,m,1,1,"[53, 29, 28, 41, 2, 3, 4, 5, 35, 27, 42, 26, 54]",13,1-1,0.15384615384615385,0,14,1,0.02193639993164261,0.003222848055884242
11,1,m,1,1,"[53, 29, 28, 41, 2, 3, 4, 5, 35, 27, 42, 26, 54]",13,1-1,0.15384615384615385,0,14,1,0.027854215688303083,0.007687402423471212
10,0,n,1,1,"[22, 17, 7]",3,2-1,1.0,1,5,1,0.13307502387792852,0.011624045670032501
11,1,n,1,1,"[22, 17, 7]",3,2-1,1.0,1,5,1,0.19759632990440348,0.019613975659012794
10,0,o,1,1,"[22, 17, 7, 18, 36, 38, 44, 62]",8,2-1,0.375,1,10,1,0.13477425919535357,0.011843991465866566
11,1,o,1,1,"[22, 17, 7, 18, 36, 38, 44, 62]",8,2-1,0.375,1,10,1,0.18254676833863157,0.018309980630874634
10,0,p,1,1,"[54, 55]",2,1-2,1.5,0,3,2,0.027210885059951676,0.003125095274299383
11,1,p,1,1,"[54, 55]",2,1-2,1.5,0,3,2,0.036707366161676865,0.007490665186196566
10,0,q,1,1,"[54, 55, 13, 15, 23, 29, 53]",7,1-2,0.42857142857142855,0,8,2,0.03208478751386209,0.0037765649612993
11,1,q,1,1,"[54, 55, 13, 15, 23, 29, 53]",7,1-2,0.42857142857142855,0,8,2,0.04090794067751977,0.008577486500144005
10,0,r,1,1,"[25, 24, 52, 14, 51, 13, 15, 23, 54, 53, 29, 28]",12,1-2,0.25,0,13,2,0.060482246984497424,0.0053909290581941605
11,1,r,1,1,"[25, 24, 52, 14, 51, 13, 15, 23, 54, 53, 29, 28]",12,1-2,0.25,0,13,2,0.0733354469707018,0.010372040793299675
10,0,rx,1,1,"[65, 43, 25, 24, 52, 14, 51, 13, 15, 23, 54, 53, 29, 28, 41, 2, 3, 4, 5, 35]",20,1-2,0.15,0,21,2,0.0834381224764778,0.00660980399698019
11,1,rx,1,1,"[65, 43, 25, 24, 52, 14, 51, 13, 15, 23, 54, 53, 29, 28, 41, 2, 3, 4, 5, 35]",20,1-2,0.15,0,21,2,0.09618380208180725,0.011486062780022621
10,0,s,1,1,"[28, 41, 27, 2, 3, 4]",6,1-3,0.6666666666666666,0,7,3,0.09101575558110744,0.006429822649806738
11,1,s,1,1,"[28, 41, 27, 2, 3, 4]",6,1-3,0.6666666666666666,0,7,3,0.10288223159027937,0.012035670690238476
10,0,v,1,1,"[28, 41, 27, 2, 3, 4, 29, 53]",8,1-3,0.5,0,9,3,0.09188805366955452,0.006492574233561754
11,1,v,1,1,"[28, 41, 27, 2, 3, 4, 29, 53]",8,1-3,0.5,0,9,3,0.11123654184653982,0.012364266440272331
10,0,x,1,1,"[6, 34, 55, 54]",4,1-3,1.0,1,5,3,0.07408545221174927,0.004837339743971825
11,1,x,1,1,"[6, 34, 55, 54]",4,1-3,1.0,1,5,3,0.14497389044173534,0.011943941004574299
10,0,w,1,1,"[54, 29, 53, 28, 41, 13, 15, 23, 14, 51, 52]",11,1-3,0.36363636363636365,0,12,3,0.05261436659053402,0.004729933105409145
11,1,w,1,1,"[54, 29, 53, 28, 41, 13, 15, 23, 14, 51, 52]",11,1-3,0.36363636363636365,0,12,3,0.0621944759883426,0.009185299277305603
10,0,z,1,1,"[54, 29, 53, 28, 41, 13, 15, 23, 14, 51, 52, 55, 34, 24, 25]",15,1-3,0.26666666666666666,0,16,3,0.06875935805307248,0.005784553475677967
11,1,z,1,1,"[54, 29, 53, 28, 41, 13, 15, 23, 14, 51, 52, 55, 34, 24, 25]",15,1-3,0.26666666666666666,0,16,3,0.08275595182540335,0.01051200833171606
10,0,0-c,2,1,"[14, 24, 25, 52]",4,1-2,0.75,0,5,2,0.05715926555802216,0.005282679572701454
11,1,0-c,2,1,"[14, 24, 25, 52]",4,1-2,0.75,0,5,2,0.07170939258856428,0.00996618252247572
10,0,1-c,2,1,"[6, 8, 34, 45, 50, 56]",6,1-4,0.8333333333333334,1,7,4,0.088016928023477,0.005528165027499199
11,1,1-c,2,1,"[6, 8, 34, 45, 50, 56]",6,1-4,0.8333333333333334,1,7,4,0.14537613029990418,0.01229029893875122
10,0,2-c,2,1,"[27, 41, 42]",3,2-1,1.0,1,5,1,0.07860812372191889,0.008237465284764767
11,1,2-c,2,1,"[27, 41, 42]",3,2-1,1.0,1,5,1,0.16025747706021487,0.01858566515147686
10,0,3-c,2,1,"[8, 50, 61, 64]",4,1-3,1.0,0,5,3,0.04093469678703148,0.003971200902014971
11,1,3-c,2,1,"[8, 50, 61, 64]",4,1-3,1.0,0,5,3,0.055160510330874706,0.009024035185575485
10,0,4-c,2,1,"[26, 27, 28, 29, 41, 42]",6,1-2,0.5,0,7,2,0.03984069137596871,0.00438762316480279
11,1,4-c,2,1,"[26, 27, 28, 29, 41, 42]",6,1-2,0.5,0,7,2,0.05106031435851614,0.009365709498524666
10,0,5-c,2,1,"[6, 8, 17, 22, 50]",5,2-4,1.2,0,7,4,0.056389985210572875,0.006188884377479553
11,1,5-c,2,1,"[6, 8, 17, 22, 50]",5,2-4,1.2,0,7,4,0.07127081129833233,0.011463258415460587
10,0,6-c,2,1,"[31, 36, 37, 40]",4,1-5,1.5,0,5,5,0.05089960287853086,0.00456100283190608
11,1,6-c,2,1,"[31, 36, 37, 40]",4,1-5,1.5,0,5,5,0.06438159924916306,0.009868530556559563
10,0,7-c,2,1,"[36, 37, 38, 39, 40, 44, 47, 48, 69]",9,1-6,0.7777777777777778,0,10,6,0.12296195578031907,0.0078867943957448
11,1,7-c,2,1,"[36, 37, 38, 39, 40, 44, 47, 48, 69]",9,1-6,0.7777777777777778,0,10,6,0.14212392080158337,0.01332247443497181
10,0,8-c,2,1,"[47, 49]",2,1-1,1.0,0,3,1,0.03765933695060567,0.0038601416163146496
11,1,8-c,2,1,"[47, 49]",2,1-1,1.0,0,3,1,0.04858601378851952,0.008773940615355968
10,0,9-c,2,1,"[12, 18, 19, 20, 30, 36, 37, 39, 40, 47, 48, 60, 69]",13,2-7,0.6923076923076923,1,15,7,0.23066922030386092,0.013287460431456566
11,1,9-c,2,1,"[12, 18, 19, 20, 30, 36, 37, 39, 40, 47, 48, 60, 69]",13,2-7,0.6923076923076923,1,15,7,0.2580173016867021,0.019141031429171562
10,0,10-c,2,1,"[19, 20, 69, 70]",4,1-2,0.75,0,5,2,0.08525255721072042,0.006482989992946386
11,1,10-c,2,1,"[19, 20, 69, 70]",4,1-2,0.75,0,5,2,0.1046954259212054,0.012222252786159515
10,0,11-c,2,1,"[36, 38, 44, 62]",4,1-1,0.5,0,5,1,0.02969704271754757,0.0035683978348970413
11,1,11-c,2,1,"[36, 38, 44, 62]",4,1-1,0.5,0,5,1,0.036342684752972115,0.008727035485208035
10,0,13-c,2,1,"[9, 11, 16]",3,1-2,1.0,1,4,2,0.7078794761835153,0.02751287817955017
11,1,13-c,2,1,"[9, 11, 16]",3,1-2,1.0,1,4,2,0.7703571368594434,0.03307889401912689
10,0,14-c,2,1,"[33, 67, 68]",3,1-1,0.6666666666666666,0,4,1,0.0520700592938557,0.00534010399132967
11,1,14-c,2,1,"[33, 67, 68]",3,1-1,0.6666666666666666,0,4,1,0.06685833433192864,0.011448124423623085
10,0,15-c,2,1,"[6, 8, 29, 34, 50, 53, 54, 55]",8,1-5,0.75,1,9,5,0.09039113207518101,0.00615129666402936
11,1,15-c,2,1,"[6, 8, 29, 34, 50, 53, 54, 55]",8,1-5,0.75,1,9,5,0.12545092016270762,0.011464089155197144
10,0,16-c,2,1,"[31, 33, 39, 40, 47, 48]",6,1-6,1.1666666666666667,0,7,6,0.07840805968325783,0.00545963691547513
11,1,16-c,2,1,"[31, 33, 39, 40, 47, 48]",6,1-6,1.1666666666666667,0,7,6,0.0939757066272096,0.011080618016421795
10,0,17-c,2,1,"[6, 7, 8, 22, 50, 56]",6,2-4,1.0,0,8,4,0.08859084325748376,0.008058831095695496
11,1,17-c,2,1,"[6, 7, 8, 22, 50, 56]",6,2-4,1.0,0,8,4,0.09680262565078541,0.012925860472023487
10,0,18-c,2,1,"[7, 11, 12, 16, 17, 19, 20, 22, 30, 60, 69]",11,3-4,0.6363636363636364,1,14,4,0.2232636857267599,0.016770014539361
11,1,18-c,2,1,"[7, 11, 12, 16, 17, 19, 20, 22, 30, 60, 69]",11,3-4,0.6363636363636364,1,14,4,0.2478873264726046,0.022259995341300964
10,0,19-c,2,1,"[2, 3, 5, 27, 41, 42]",6,2-1,0.5,1,8,1,0.11001507905845642,0.00984005443751812
11,1,19-c,2,1,"[2, 3, 5, 27, 41, 42]",6,2-1,0.5,1,8,1,0.19117769265876647,0.020306825637817383
10,0,20-c,2,1,"[17, 18, 31, 36, 37, 40]",6,1-5,1.0,0,7,5,0.06151712072843825,0.005351221654564142
11,1,20-c,2,1,"[17, 18, 31, 36, 37, 40]",6,1-5,1.0,0,7,5,0.07618221604366233,0.01118557434529066
10,0,21-c,2,1,"[6, 29, 34, 53, 54, 55]",6,1-3,0.6666666666666666,1,7,3,0.08776558565867298,0.005390710663050413
11,1,21-c,2,1,"[6, 29, 34, 53, 54, 55]",6,1-3,0.6666666666666666,1,7,3,0.14695046090236388,0.012104385532438755
10,0,22-c,2,1,"[6, 7, 11, 12, 16, 19, 20, 22, 30, 60, 69, 70]",12,3-4,0.5833333333333334,0,15,4,0.1410699346798322,0.012348090298473835
11,1,22-c,2,1,"[6, 7, 11, 12, 16, 19, 20, 22, 30, 60, 69, 70]",12,3-4,0.5833333333333334,0,15,4,2.113483565362704,0.10476081073284149
10,0,24-c,2,1,"[13, 14, 27, 28, 29, 41, 42, 54]",8,2-5,0.875,1,10,5,0.08709624346240381,0.007326703052967787
11,1,24-c,2,1,"[13, 14, 27, 28, 29, 41, 42, 54]",8,2-5,0.875,1,10,5,0.11711738998550601,0.013781478628516197
10,0,25-c,2,1,"[6, 17, 18, 22, 34, 36]",6,2-3,0.8333333333333334,0,8,3,0.0544768689445044,0.006014077924191952
11,1,25-c,2,1,"[6, 17, 18, 22, 34, 36]",6,2-3,0.8333333333333334,0,8,3,0.06781427467511127,0.010763882659375668
10,0,26-c,2,1,"[14, 24, 25, 43, 52, 65]",6,1-2,0.5,0,7,2,0.07649911058729518,0.006127939093858004
11,1,26-c,2,1,"[14, 24, 25, 43, 52, 65]",6,1-2,0.5,0,7,2,0.08883545299190587,0.010983570478856564
10,0,27-c,2,1,"[6, 17, 18, 22, 34, 36, 38]",7,2-3,0.7142857142857143,0,9,3,0.07396502900291518,0.0071991365402936935
11,1,27-c,2,1,"[6, 17, 18, 22, 34, 36, 38]",7,2-3,0.7142857142857143,0,9,3,0.0809990974087287,0.011783512309193611
10,0,28-c,2,1,"[17, 18, 22, 36, 38, 44, 62]",7,2-1,0.42857142857142855,1,9,1,0.11772366432734364,0.011021694168448448
11,1,28-c,2,1,"[17, 18, 22, 36, 38, 44, 62]",7,2-1,0.42857142857142855,1,9,1,0.14639187261010872,0.016636855900287628
10,0,29-c,2,1,"[9, 11, 12, 16, 19, 21, 30, 60]",8,2-2,0.5,0,10,2,0.1858900846126351,0.01839437335729599
11,1,29-c,2,1,"[9, 11, 12, 16, 19, 21, 30, 60]",8,2-2,0.5,0,10,2,0.2152460510362368,0.025285951793193817
10,0,0-c,1,2,"[17, 18, 19]",3,1-0,0.3333333333333333,0,4,0,0.05907069503617993,0.012730210088193417
11,1,0-c,1,2,"[17, 18, 19]",3,1-0,0.3333333333333333,0,4,0,0.06742154210996758,0.01749987155199051
10,0,1-c,1,2,"[12, 13, 17, 18, 19]",5,1-0,0.2,0,6,0,0.05854262781430752,0.013658514246344566
11,1,1-c,1,2,"[12, 13, 17, 18, 19]",5,1-0,0.2,0,6,0,0.06952906242340885,0.019652429968118668
10,0,2-c,1,2,"[1, 5, 6, 7, 14, 15, 20]",7,1-0,0.14285714285714285,0,8,0,0.03876813041835275,0.008132624439895153
11,1,2-c,1,2,"[1, 5, 6, 7, 14, 15, 20]",7,1-0,0.14285714285714285,0,8,0,0.051887301048115154,0.014045539312064648
10,0,3-c,1,2,"[3, 4]",2,1-1,1.0,0,3,1,0.05863646101240865,0.007965687662363052
11,1,3-c,1,2,"[3, 4]",2,1-1,1.0,0,3,1,0.06834952961849809,0.012267695739865303
10,0,4-c,1,2,"[3, 4, 12, 13]",4,1-1,0.5,0,5,1,0.1265375905466502,0.011757847853004932
11,1,4-c,1,2,"[3, 4, 12, 13]",4,1-1,0.5,0,5,1,0.14261010007912997,0.016767164692282677
10,0,5-c,1,2,"[7, 14]",2,1-2,1.5,0,3,2,0.07473818582641423,0.006574925035238266
11,1,5-c,1,2,"[7, 14]",2,1-2,1.5,0,3,2,0.08854940478142616,0.011289913207292557
10,0,6-c,1,2,"[5, 7, 14, 15]",4,1-2,0.75,0,5,2,0.1980143355764793,0.013488883152604103
11,1,6-c,1,2,"[5, 7, 14, 15]",4,1-2,0.75,0,5,2,0.2197958987529351,0.018609721213579178
10,0,7-c,1,2,"[8, 9, 10]",3,2-1,1.0,0,5,1,0.483433281405959,0.029537253081798553
11,1,7-c,1,2,"[8, 9, 10]",3,2-1,1.0,0,5,1,0.5318815803729487,0.03807532414793968
10,0,8-c,1,2,"[5, 6, 20]",3,1-0,0.3333333333333333,0,4,0,0.023879020125498793,0.00606196653097868
11,1,8-c,1,2,"[5, 6, 20]",3,1-0,0.3333333333333333,0,4,0,0.030255640758064507,0.010119402781128883
10,0,9-c,1,2,"[3, 4, 12, 13, 18]",5,1-2,0.6,0,6,2,0.31563763658142613,0.019365262240171432
11,1,9-c,1,2,"[3, 4, 12, 13, 18]",5,1-2,0.6,0,6,2,0.36060871603174904,0.02631397359073162
10,0,11-c,1,2,"[1, 5, 6, 7, 15]",5,1-2,0.6,0,6,2,0.10369202538495989,0.008534369058907032
11,1,11-c,1,2,"[1, 5, 6, 7, 15]",5,1-2,0.6,0,6,2,0.1272119664357698,0.014828421175479889
10,0,12-c,1,2,"[5, 6, 7, 20]",4,1-2,0.75,0,5,2,0.07674857427767165,0.0068481252528727055
11,1,12-c,1,2,"[5, 6, 7, 20]",4,1-2,0.75,0,5,2,0.0933430022117753,0.012815002351999283
10,0,13-c,1,2,"[12, 13, 18, 19]",4,1-1,0.5,0,5,1,0.3647267414987985,0.024366263300180435
11,1,13-c,1,2,"[12, 13, 18, 19]",4,1-1,0.5,0,5,1,0.3951121626234421,0.03078484907746315
10,0,15-c,1,2,"[1, 7, 14, 15]",4,1-1,0.5,0,5,1,0.05518985290139454,0.006387119647115469
11,1,15-c,1,2,"[1, 7, 14, 15]",4,1-1,0.5,0,5,1,0.06719299658555088,0.011422078125178814
10,0,16-c,1,2,"[8, 9, 21]",3,2-1,1.0,0,5,1,0.31099943523659923,0.025433683767914772
11,1,16-c,1,2,"[8, 9, 21]",3,2-1,1.0,0,5,1,0.35532181890833725,0.033016469329595566
10,0,17-c,1,2,"[3, 12, 13, 18, 19]",5,1-2,0.6,0,6,2,0.2970390031991168,0.018755177035927773
11,1,17-c,1,2,"[3, 12, 13, 18, 19]",5,1-2,0.6,0,6,2,0.3325386163307366,0.025241438299417496
10,0,20-c,1,2,"[5, 6, 7, 15, 20]",5,1-2,0.6,0,6,2,0.1523940073130717,0.010498331859707832
11,1,20-c,1,2,"[5, 6, 7, 15, 20]",5,1-2,0.6,0,6,2,0.18343936731590765,0.016571741551160812
10,0,24-c,1,2,"[3, 4, 12, 13, 18, 19]",6,1-1,0.3333333333333333,0,7,1,0.3452639836743274,0.02239949442446232
11,1,24-c,1,2,"[3, 4, 12, 13, 18, 19]",6,1-1,0.3333333333333333,0,7,1,0.3883933376240505,0.02908371575176716
10,0,0-c,2,2,"[6, 20]",2,1-0,0.5,0,3,0,0.008157449069908883,0.0025172848254442215
11,1,0-c,2,2,"[6, 20]",2,1-0,0.5,0,3,0,0.012188253378422659,0.006608812138438225
10,0,2-c,2,2,"[3, 12, 13]",3,1-2,1.0,0,4,2,0.14382406394585345,0.011431737802922726
11,1,2-c,2,2,"[3, 12, 13]",3,1-2,1.0,0,4,2,0.16568859510567438,0.017203520983457565
10,0,3-c,2,2,"[5, 6]",2,1-1,1.0,0,3,1,0.08230061129540452,0.0072067417204380035
11,1,3-c,2,2,"[5, 6]",2,1-1,1.0,0,3,1,0.09794789894441859,0.01212963368743658
10,0,4-c,2,2,"[5, 6, 7, 15]",4,1-3,1.0,0,5,3,0.17185550949927933,0.011193386279046535
11,1,4-c,2,2,"[5, 6, 7, 15]",4,1-3,1.0,0,5,3,0.2024385617567684,0.017445873469114304
10,0,5-c,2,2,"[3, 12, 13, 17, 18]",5,1-2,0.6,0,6,2,0.15246502070573498,0.011602146551012993
11,1,5-c,2,2,"[3, 12, 13, 17, 18]",5,1-2,0.6,0,6,2,0.17939134930449702,0.01797373965382576
10,0,6-c,2,2,"[3, 13]",2,1-2,1.5,0,3,2,0.10724948634011264,0.00862518884241581
11,1,6-c,2,2,"[3, 13]",2,1-2,1.5,0,3,2,0.12304503922170826,0.013818335719406605
10,0,10-c,2,2,"[5, 6, 7]",3,1-3,1.3333333333333333,0,4,3,0.10180415731414881,0.007651652675122023
11,1,10-c,2,2,"[5, 6, 7]",3,1-3,1.3333333333333333,0,4,3,0.1267330592568346,0.013404777273535728
10,0,11-c,2,2,"[17, 18]",2,1-1,1.0,0,3,1,0.08757819197296696,0.009630600921809673
11,1,11-c,2,2,"[17, 18]",2,1-1,1.0,0,3,1,0.10217085007468228,0.014907986856997013
10,0,12-c,2,2,"[8, 9]",2,2-2,2.0,0,4,2,0.4479080556775352,0.025423763319849968
11,1,12-c,2,2,"[8, 9]",2,2-2,2.0,0,4,2,0.4984909530856652,0.03267109394073486
10,0,15-c,2,2,"[12, 18]",2,1-2,1.5,0,3,2,0.3287854440741885,0.020724358037114143
11,1,15-c,2,2,"[12, 18]",2,1-2,1.5,0,3,2,0.35716524363140906,0.02642601914703846
10,0,16-c,2,2,"[7, 15]",2,1-3,2.0,0,3,3,0.13336570307581974,0.008980236947536469
11,1,16-c,2,2,"[7, 15]",2,1-3,2.0,0,3,3,0.15743205955511147,0.014876275323331356
10,0,0-c,1,3,"[27, 28, 37, 43, 56, 57, 58]",7,1-0,0.14285714285714285,0,8,0,0.01098185063807519,0.002920853905379772
11,1,0-c,1,3,"[27, 28, 37, 43, 56, 57, 58]",7,1-0,0.14285714285714285,0,8,0,0.016155961116168516,0.007656062487512827
10,0,1-c,1,3,"[17, 18, 19, 33, 34, 40, 59]",7,1-0,0.14285714285714285,0,8,0,0.018366220499634767,0.004660611506551504
11,1,1-c,1,3,"[17, 18, 19, 33, 34, 40, 59]",7,1-0,0.14285714285714285,0,8,0,0.024853082604826666,0.009740469045937061
10,0,2-c,1,3,"[6, 7, 8, 17, 18, 19, 33, 34, 35, 40, 53, 59]",12,1-0,0.08333333333333333,0,13,0,0.01697600006639364,0.004124151077121496
11,1,2-c,1,3,"[6, 7, 8, 17, 18, 19, 33, 34, 35, 40, 53, 59]",12,1-0,0.08333333333333333,0,13,0,0.022918670731463652,0.008174928836524487
10,0,3-c,1,3,"[20, 21, 22]",3,1-0,0.3333333333333333,0,4,0,0.02830065175345907,0.00663850037381053
11,1,3-c,1,3,"[20, 21, 22]",3,1-0,0.3333333333333333,0,4,0,0.03349306384832115,0.010719893500208855
10,0,4-c,1,3,"[2, 3, 4, 36, 46, 50, 51, 52, 54, 55]",10,1-0,0.1,0,11,0,0.026162623519034693,0.005562232341617346
11,1,4-c,1,3,"[2, 3, 4, 36, 46, 50, 51, 52, 54, 55]",10,1-0,0.1,0,11,0,0.03456618408792494,0.010243348777294159
10,0,5-c,1,3,"[14, 15, 16, 47, 48, 60, 61]",7,1-0,0.14285714285714285,0,8,0,0.016353571591119963,0.0036678193137049675
11,1,5-c,1,3,"[14, 15, 16, 47, 48, 60, 61]",7,1-0,0.14285714285714285,0,8,0,0.023012357540972174,0.0075900256633758545
10,0,6-c,1,3,"[23, 24]",2,1-0,0.5,0,3,0,0.0037217874374491184,0.0011750210542231798
11,1,6-c,1,3,"[23, 24]",2,1-0,0.5,0,3,0,0.00766989762745053,0.004297256004065275
10,0,7-c,1,3,"[2, 3, 36, 46, 52, 54, 55]",7,1-1,0.2857142857142857,0,8,1,0.09757375179181153,0.009657555259764194
11,1,7-c,1,3,"[2, 3, 36, 46, 52, 54, 55]",7,1-1,0.2857142857142857,0,8,1,0.11169917582708647,0.013588539324700832
10,0,9-c,1,3,"[8, 33, 53]",3,1-2,1.0,0,4,2,0.08805674176717407,0.006701859645545483
11,1,9-c,1,3,"[8, 33, 53]",3,1-2,1.0,0,4,2,0.10645974640162759,0.011403249576687813
10,0,10-c,1,3,"[1, 14, 38, 39, 42, 44, 45]",7,1-2,0.42857142857142855,0,8,2,0.08704620319477654,0.007931193336844444
11,1,10-c,1,3,"[1, 14, 38, 39, 42, 44, 45]",7,1-2,0.42857142857142855,0,8,2,0.09993010719263301,0.01217596884816885
10,0,11-c,1,3,"[27, 37, 43]",3,1-3,1.3333333333333333,0,4,3,0.05514814636971446,0.004048534668982029
11,1,11-c,1,3,"[27, 37, 43]",3,1-3,1.3333333333333333,0,4,3,0.07303900789985923,0.009752337820827961
10,0,12-c,1,3,"[6, 7, 8]",3,1-3,1.3333333333333333,0,4,3,0.08261770099911599,0.006309913471341133
11,1,12-c,1,3,"[6, 7, 8]",3,1-3,1.3333333333333333,0,4,3,0.10330454261595992,0.011578577570617199
10,0,13-c,1,3,"[16, 48]",2,1-1,1.0,0,3,1,0.2323559700887103,0.013421979732811451
11,1,13-c,1,3,"[16, 48]",2,1-1,1.0,0,3,1,0.2589402728326069,0.018788324669003487
10,0,15-c,1,3,"[33, 34, 59]",3,1-1,0.6666666666666666,0,4,1,0.030331268025344756,0.004446111153811216
11,1,15-c,1,3,"[33, 34, 59]",3,1-1,0.6666666666666666,0,4,1,0.03736221152205497,0.009211094118654728
10,0,16-c,1,3,"[7, 35]",2,1-0,0.5,0,3,0,0.045665686059931286,0.008695775642991066
11,1,16-c,1,3,"[7, 35]",2,1-0,0.5,0,3,0,0.05532471729169564,0.012660333886742592
10,0,17-c,1,3,"[14, 15, 16, 60]",4,1-3,1.0,0,5,3,0.17150909094812,0.009301216341555119
11,1,17-c,1,3,"[14, 15, 16, 60]",4,1-3,1.0,0,5,3,0.20641753143361294,0.015464999713003635
10,0,18-c,1,3,"[5, 6, 8, 17, 18, 33, 40]",7,1-4,0.7142857142857143,0,8,4,0.12098732118251525,0.007884313352406025
11,1,18-c,1,3,"[5, 6, 8, 17, 18, 33, 40]",7,1-4,0.7142857142857143,0,8,4,0.1387632198829854,0.013545357622206211
10,0,19-c,1,3,"[11, 13, 20, 21]",4,1-2,0.75,0,5,2,0.17163909435986524,0.009939526207745075
11,1,19-c,1,3,"[11, 13, 20, 21]",4,1-2,0.75,0,5,2,0.1942099850161696,0.015141956508159637
10,0,20-c,1,3,"[46, 52, 54]",3,1-2,1.0,0,4,2,0.06417258411430529,0.005505585111677647
11,1,20-c,1,3,"[46, 52, 54]",3,1-2,1.0,0,4,2,0.07685062959098536,0.010092346929013729
10,0,21-c,1,3,"[17, 19]",2,1-1,1.0,0,3,1,0.1497944556457613,0.011151961982250214
11,1,21-c,1,3,"[17, 19]",2,1-1,1.0,0,3,1,0.16255633612422746,0.014959868043661118
10,0,22-c,1,3,"[14, 15, 61]",3,1-2,1.0,0,4,2,0.06424771249692303,0.005515203345566988
11,1,22-c,1,3,"[14, 15, 61]",3,1-2,1.0,0,4,2,0.07632764255612835,0.010096545331180096
10,0,23-c,1,3,"[43, 58]",2,1-1,1.0,0,3,1,0.040564073530427854,0.0034477016888558865
11,1,23-c,1,3,"[43, 58]",2,1-1,1.0,0,3,1,0.051746500194328346,0.0084317522123456
10,0,24-c,1,3,"[14, 15, 38, 39, 44, 45, 61]",7,1-3,0.5714285714285714,0,8,3,0.06703106615652153,0.00498853949829936
11,1,24-c,1,3,"[14, 15, 38, 39, 44, 45, 61]",7,1-3,0.5714285714285714,0,8,3,0.08770038129227986,0.01037281472235918
10,0,25-c,1,3,"[2, 36]",2,1-1,1.0,0,3,1,0.06945394455255498,0.009525050409138203
11,1,25-c,1,3,"[2, 36]",2,1-1,1.0,0,3,1,0.0806575929231898,0.014117361977696419
10,0,27-c,1,3,"[14, 15, 26, 41, 42, 44, 45, 49, 60]",9,2-5,0.7777777777777778,0,11,5,0.08251477630754535,0.007150757592171431
11,1,27-c,1,3,"[14, 15, 26, 41, 42, 44, 45, 49, 60]",9,2-5,0.7777777777777778,0,11,5,0.09901593226658661,0.012436754070222378
10,0,28-c,1,3,"[11, 29, 46, 52]",4,1-3,1.0,0,5,3,0.06869419021849177,0.005384478718042374
11,1,28-c,1,3,"[11, 29, 46, 52]",4,1-3,1.0,0,5,3,0.07831937609695651,0.009893544018268585
10,0,29-c,1,3,"[10, 27, 28, 37, 56]",5,1-1,0.4,0,6,1,0.08906972457036016,0.012895006686449051
11,1,29-c,1,3,"[10, 27, 28, 37, 56]",5,1-1,0.4,0,6,1,0.09994167373283458,0.01689169555902481
10,0,30-c,1,3,"[14, 15, 42, 44, 45, 60]",6,1-4,0.8333333333333334,0,7,4,0.0758407938046918,0.005782198626548052
11,1,30-c,1,3,"[14, 15, 42, 44, 45, 60]",6,1-4,0.8333333333333334,0,7,4,0.09016223025564177,0.011337521485984325
10,0,31-c,1,3,"[20, 22]",2,1-1,1.0,0,3,1,0.03221196817322541,0.004527865909039974
11,1,31-c,1,3,"[20, 22]",2,1-1,1.0,0,3,1,0.04678605321359873,0.009617074392735958
10,0,32-c,1,3,"[52, 54]",2,1-2,1.5,0,3,2,0.05672140026978208,0.005329400300979614
11,1,32-c,1,3,"[52, 54]",2,1-2,1.5,0,3,2,0.06886816374476723,0.009830355644226074
10,0,1-c,2,3,"[38, 39, 42, 44]",4,1-2,0.75,0,5,2,0.04633833971620886,0.004310222342610359
11,1,1-c,2,3,"[38, 39, 42, 44]",4,1-2,0.75,0,5,2,0.05904085597739191,0.009161535650491714
10,0,2-c,2,3,"[16, 47]",2,1-1,1.0,0,3,1,0.06413959182693237,0.005378927104175091
11,1,2-c,2,3,"[16, 47]",2,1-1,1.0,0,3,1,0.08725233806678326,0.01024160161614418
10,0,3-c,2,3,"[14, 15, 16, 47]",4,1-3,1.0,0,5,3,0.0604880055796841,0.003997599706053734
11,1,3-c,2,3,"[14, 15, 16, 47]",4,1-3,1.0,0,5,3,0.08604205536041472,0.010224465280771255
10,0,4-c,2,3,"[43, 57]",2,1-1,1.0,0,3,1,0.02355890029708643,0.0026546604931354523
11,1,4-c,2,3,"[43, 57]",2,1-1,1.0,0,3,1,0.03268630133268159,0.007687987294048071
10,0,5-c,2,3,"[30, 32]",2,1-1,1.0,0,3,1,0.20554295038101084,0.013205360621213913
11,1,5-c,2,3,"[30, 32]",2,1-1,1.0,0,3,1,0.2369680845795585,0.01928955316543579
10,0,6-c,2,3,"[2, 3, 4, 51]",4,1-2,0.75,0,5,2,0.09749320676726765,0.00664269644767046
11,1,6-c,2,3,"[2, 3, 4, 51]",4,1-2,0.75,0,5,2,0.12297491786161797,0.01284373551607132
10,0,7-c,2,3,"[17, 18]",2,1-2,1.5,0,3,2,0.07253344269035035,0.005052812863141298
11,1,7-c,2,3,"[17, 18]",2,1-2,1.5,0,3,2,0.08982850676664653,0.010325812734663486
10,0,8-c,2,3,"[33, 34]",2,1-2,1.5,0,3,2,0.04821372120335225,0.004580229986459017
11,1,8-c,2,3,"[33, 34]",2,1-2,1.5,0,3,2,0.0658724166655764,0.009898507967591286
10,0,9-c,2,3,"[38, 44, 45]",3,1-3,1.3333333333333333,0,4,3,0.14172650513184235,0.008145599626004696
11,1,9-c,2,3,"[38, 44, 45]",3,1-3,1.3333333333333333,0,4,3,0.16089279888367905,0.013502338901162148
10,0,10-c,2,3,"[4, 50]",2,1-1,1.0,0,3,1,0.20634258102502986,0.013109687715768814
11,1,10-c,2,3,"[4, 50]",2,1-1,1.0,0,3,1,0.22819488247052666,0.01833084039390087
10,0,11-c,2,3,"[14, 16, 47]",3,1-2,1.0,0,4,2,0.07969384521025823,0.008091239258646965
11,1,11-c,2,3,"[14, 16, 47]",3,1-2,1.0,0,4,2,0.10085643651041225,0.012507487088441849
10,0,12-c,2,3,"[2, 3, 46, 52, 54]",5,1-3,0.8,0,6,3,0.1410702612548317,0.009666956029832363
11,1,12-c,2,3,"[2, 3, 46, 52, 54]",5,1-3,0.8,0,6,3,0.15951004355969242,0.014352033846080303
10,0,13-c,2,3,"[1, 42, 44]",3,1-2,1.0,0,4,2,0.050117828920070114,0.005595500580966473
11,1,13-c,2,3,"[1, 42, 44]",3,1-2,1.0,0,4,2,0.059681915883340035,0.009653078392148018
10,0,14-c,2,3,"[6, 7]",2,1-2,1.5,0,3,2,0.08328183360981056,0.006515979301184416
11,1,14-c,2,3,"[6, 7]",2,1-2,1.5,0,3,2,0.10196736413270359,0.011616559699177742
10,0,15-c,2,3,"[2, 3, 11, 13, 20, 29, 46, 52, 54]",9,1-6,0.7777777777777778,0,10,6,0.16398398427262384,0.009249615482985973
11,1,15-c,2,3,"[2, 3, 11, 13, 20, 29, 46, 52, 54]",9,1-6,0.7777777777777778,0,10,6,0.19142766806414543,0.015528307296335697
10,0,16-c,2,3,"[14, 15, 26, 42, 44, 45]",6,2-5,1.1666666666666667,0,8,5,0.07587164606092582,0.006483894307166338
11,1,16-c,2,3,"[14, 15, 26, 42, 44, 45]",6,2-5,1.1666666666666667,0,8,5,0.09868831187817916,0.012356444261968136
10,0,17-c,2,3,"[26, 30, 38, 41, 42, 44]",6,2-5,1.1666666666666667,0,8,5,0.16648597340350424,0.010275592096149921
11,1,17-c,2,3,"[26, 30, 38, 41, 42, 44]",6,2-5,1.1666666666666667,0,8,5,0.1878970174170481,0.016178347170352936
10,0,18-c,2,3,"[2, 3, 4, 29, 46, 52, 54]",7,1-5,0.8571428571428571,0,8,5,0.16700149061702413,0.009322631172835827
11,1,18-c,2,3,"[2, 3, 4, 29, 46, 52, 54]",7,1-5,0.8571428571428571,0,8,5,0.19228982280907728,0.01517863105982542
10,0,19-c,2,3,"[6, 7, 8, 17, 18, 33]",6,1-5,1.0,0,7,5,0.126758276923813,0.007532124407589436
11,1,19-c,2,3,"[6, 7, 8, 17, 18, 33]",6,1-5,1.0,0,7,5,0.15189579733104352,0.013615190051496029
10,0,20-c,2,3,"[26, 30, 32, 41, 42, 44]",6,2-4,1.0,0,8,4,0.10990211694240032,0.008347121067345142
11,1,20-c,2,3,"[26, 30, 32, 41, 42, 44]",6,2-4,1.0,0,8,4,0.13064602125681946,0.01340719684958458
10,0,21-c,2,3,"[2, 3, 29, 46, 52, 54]",6,1-4,0.8333333333333334,0,7,4,0.12156755397814628,0.007806986570358276
11,1,21-c,2,3,"[2, 3, 29, 46, 52, 54]",6,1-4,0.8333333333333334,0,7,4,0.1448655921229709,0.013267972506582737
10,0,22-c,2,3,"[14, 16, 38, 39, 44, 45]",6,1-4,0.8333333333333334,0,7,4,0.1607340208687376,0.00993251334875822
11,1,22-c,2,3,"[14, 16, 38, 39, 44, 45]",6,1-4,0.8333333333333334,0,7,4,0.18263506858251785,0.015164968557655811
10,0,23-c,2,3,"[14, 15, 26, 30, 41, 42, 44, 45]",8,2-7,1.125,0,10,7,0.11893084123810943,0.008232024498283863
11,1,23-c,2,3,"[14, 15, 26, 30, 41, 42, 44, 45]",8,2-7,1.125,0,10,7,0.1388287700256749,0.014214280992746353
10,0,24-c,2,3,"[11, 29, 46, 52, 54, 55]",6,1-3,0.6666666666666666,0,7,3,0.06923925275981364,0.0053471727296710014
11,1,24-c,2,3,"[11, 29, 46, 52, 54, 55]",6,1-3,0.6666666666666666,0,7,3,0.08077256646417723,0.010100465267896652
10,0,26-c,2,3,"[1, 26, 30, 41, 42, 44]",6,2-4,1.0,0,8,4,0.11725767480580487,0.008902511559426785
11,1,26-c,2,3,"[1, 26, 30, 41, 42, 44]",6,2-4,1.0,0,8,4,0.13382957367264822,0.013756764121353626
10,0,27-c,2,3,"[14, 15, 38, 39, 44, 45]",6,1-4,0.8333333333333334,0,7,4,0.0686471391995663,0.0048933327198028564
11,1,27-c,2,3,"[14, 15, 38, 39, 44, 45]",6,1-4,0.8333333333333334,0,7,4,0.09086306576704449,0.011125301942229271
10,0,28-c,2,3,"[2, 3, 4, 11, 12, 29, 46, 52, 54]",9,1-5,0.6666666666666666,0,10,5,0.16747765875284354,0.009306429885327816
11,1,28-c,2,3,"[2, 3, 4, 11, 12, 29, 46, 52, 54]",9,1-5,0.6666666666666666,0,10,5,0.20309275583686576,0.015588775277137756
10,0,0-c,1,4,"[34, 35, 57, 58, 65, 85, 89]",7,1-1,0.2857142857142857,0,8,1,0.08456776794799509,0.010780797339975834
11,1,0-c,1,4,"[34, 35, 57, 58, 65, 85, 89]",7,1-1,0.2857142857142857,0,8,1,0.09540065247952538,0.015295605175197124
10,0,1-c,1,4,"[38, 59, 86]",3,1-0,0.3333333333333333,0,4,0,0.02995132523639309,0.006039817817509174
11,1,1-c,1,4,"[38, 59, 86]",3,1-0,0.3333333333333333,0,4,0,0.038554700803420355,0.009563436731696129
10,0,2-c,1,4,"[36, 38, 59, 86]",4,1-1,0.5,0,5,1,0.034411398137849866,0.004543108865618706
11,1,2-c,1,4,"[36, 38, 59, 86]",4,1-1,0.5,0,5,1,0.04669731749997919,0.010457645170390606
10,0,3-c,1,4,"[36, 38, 39, 40, 51, 52, 59, 68, 79, 80, 84, 86]",12,1-1,0.16666666666666666,0,13,1,0.041295655778516425,0.00479173706844449
11,1,3-c,1,4,"[36, 38, 39, 40, 51, 52, 59, 68, 79, 80, 84, 86]",12,1-1,0.16666666666666666,0,13,1,0.05125170954292483,0.010510120540857315
10,0,4-c,1,4,"[5, 6, 24, 33, 48]",5,1-2,0.6,0,6,2,0.07850374189362395,0.010022416710853577
11,1,4-c,1,4,"[5, 6, 24, 33, 48]",5,1-2,0.6,0,6,2,0.0952607042837292,0.015540470369160175
10,0,5-c,1,4,"[41, 42]",2,1-0,0.5,0,3,0,0.004506446106723737,0.0015908479690551758
11,1,5-c,1,4,"[41, 42]",2,1-0,0.5,0,3,0,0.007456889924307221,0.006202150136232376
10,0,6-c,1,4,"[8, 10, 21, 34, 35, 57, 61, 65, 77, 78]",10,1-3,0.4,0,11,3,0.0901697185800417,0.006545913405716419
11,1,6-c,1,4,"[8, 10, 21, 34, 35, 57, 61, 65, 77, 78]",10,1-3,0.4,0,11,3,0.10499962639644117,0.012160341255366802
10,0,7-c,1,4,"[62, 63]",2,1-1,1.0,0,3,1,0.025201047947651316,0.0041931006126105785
11,1,7-c,1,4,"[62, 63]",2,1-1,1.0,0,3,1,0.030366141654231467,0.008052141405642033
10,0,8-c,1,4,"[79, 80]",2,1-0,0.5,0,3,0,0.028826328476461143,0.007757020182907581
11,1,8-c,1,4,"[79, 80]",2,1-0,0.5,0,3,0,0.036915267842885874,0.013639346696436405
10,0,9-c,1,4,"[28, 91]",2,1-1,1.0,0,3,1,0.3169423601258732,0.018747493624687195
11,1,9-c,1,4,"[28, 91]",2,1-1,1.0,0,3,1,0.35761825127482544,0.02545388787984848
10,0,10-c,1,4,"[2, 3, 13, 36, 38, 39, 40, 59, 67, 68, 70, 86]",12,1-5,0.5,0,13,5,0.08836474698188596,0.006578894332051277
11,1,10-c,1,4,"[2, 3, 13, 36, 38, 39, 40, 59, 67, 68, 70, 86]",12,1-5,0.5,0,13,5,0.10236359901669563,0.011960710398852825
10,0,11-c,1,4,"[14, 15, 62, 63]",4,1-3,1.0,0,5,3,0.06050284377546103,0.004296962637454271
11,1,11-c,1,4,"[14, 15, 62, 63]",4,1-3,1.0,0,5,3,0.07521887188438472,0.009425482712686062
10,0,12-c,1,4,"[9, 66]",2,1-1,1.0,0,3,1,0.08641620167462426,0.013442691415548325
11,1,12-c,1,4,"[9, 66]",2,1-1,1.0,0,3,1,0.09861637608597741,0.018295180052518845
10,0,13-c,1,4,"[51, 52, 68, 79, 80, 84]",6,1-1,0.3333333333333333,0,7,1,0.03018909331318056,0.004466148093342781
11,1,13-c,1,4,"[51, 52, 68, 79, 80, 84]",6,1-1,0.3333333333333333,0,7,1,0.035839927917779964,0.009656297974288464
10,0,14-c,1,4,"[5, 7, 11, 24, 33, 48, 83]",7,1-3,0.5714285714285714,0,8,3,0.10656685535586743,0.0072384243831038475
11,1,14-c,1,4,"[5, 7, 11, 24, 33, 48, 83]",7,1-3,0.5714285714285714,0,8,3,0.12829296905405263,0.013810823671519756
10,0,15-c,1,4,"[5, 7, 12]",3,1-2,1.0,0,4,2,0.13141190651065476,0.01421135663986206
11,1,15-c,1,4,"[5, 7, 12]",3,1-2,1.0,0,4,2,0.15060679629345566,0.019897978752851486
10,0,16-c,1,4,"[8, 9, 49, 50, 61]",5,1-2,0.6,0,6,2,0.06659596427709799,0.005282138008624315
11,1,16-c,1,4,"[8, 9, 49, 50, 61]",5,1-2,0.6,0,6,2,0.07805091005054705,0.010542129166424274
10,0,17-c,1,4,"[36, 38, 39, 40, 59, 68, 86]",7,1-2,0.42857142857142855,0,8,2,0.04706283264457773,0.006356981582939625
11,1,17-c,1,4,"[36, 38, 39, 40, 59, 68, 86]",7,1-2,0.42857142857142855,0,8,2,0.05733584752803094,0.011128246784210205
10,0,18-c,1,4,"[36, 39, 40, 51, 52, 68, 79, 80, 84]",9,1-2,0.3333333333333333,0,10,2,0.0668973358650744,0.005512820556759834
11,1,18-c,1,4,"[36, 39, 40, 51, 52, 68, 79, 80, 84]",9,1-2,0.3333333333333333,0,10,2,0.08527656736894576,0.01176094077527523
10,0,19-c,1,4,"[77, 78]",2,1-0,0.5,0,3,0,0.07529293953531807,0.018741615116596222
11,1,19-c,1,4,"[77, 78]",2,1-0,0.5,0,3,0,0.08444120534693797,0.023423634469509125
10,0,20-c,1,4,"[8, 9, 10, 77, 78]",5,1-3,0.8,0,6,3,0.08721873409937268,0.006622056011110544
11,1,20-c,1,4,"[8, 9, 10, 77, 78]",5,1-3,0.8,0,6,3,0.10558293215815613,0.012441426515579224
10,0,21-c,1,4,"[17, 18, 22, 23, 43, 45, 53, 73, 74, 76, 82, 87, 88]",13,2-4,0.46153846153846156,0,15,4,0.227672732906595,0.013203896582126617
11,1,21-c,1,4,"[17, 18, 22, 23, 43, 45, 53, 73, 74, 76, 82, 87, 88]",13,2-4,0.46153846153846156,0,15,4,0.24836674343990991,0.018126651644706726
10,0,22-c,1,4,"[14, 15, 16, 46, 47, 62, 64]",7,1-2,0.42857142857142855,0,8,2,0.07821182603507405,0.004715725779533386
11,1,22-c,1,4,"[14, 15, 16, 46, 47, 62, 64]",7,1-2,0.42857142857142855,0,8,2,0.09615358668735911,0.010380459949374199
10,0,24-c,1,4,"[17, 18, 43, 53, 54, 87]",6,2-1,0.5,0,8,1,0.16127721440263718,0.011419400572776794
11,1,24-c,1,4,"[17, 18, 43, 53, 54, 87]",6,2-1,0.5,0,8,1,0.19171944641341088,0.017125029116868973
10,0,25-c,1,4,"[14, 15, 19, 46, 47, 62, 64]",7,1-4,0.7142857142857143,0,8,4,0.09790309765172867,0.005859790835529566
11,1,25-c,1,4,"[14, 15, 19, 46, 47, 62, 64]",7,1-4,0.7142857142857143,0,8,4,0.11395156963410809,0.01125500537455082
10,0,26-c,1,4,"[17, 18, 22, 23, 25, 26, 32, 43, 53, 73, 87, 88]",12,2-4,0.5,0,14,4,0.18118770092646933,0.010818218812346458
11,1,26-c,1,4,"[17, 18, 22, 23, 25, 26, 32, 43, 53, 73, 87, 88]",12,2-4,0.5,0,14,4,0.19783490786764543,0.015291991643607616
10,0,29-c,1,4,"[8, 10, 21, 57, 58, 61, 77, 85, 89]",9,1-5,0.6666666666666666,0,10,5,0.1594256451888923,0.009679052978754044
11,1,29-c,1,4,"[8, 10, 21, 57, 58, 61, 77, 85, 89]",9,1-5,0.6666666666666666,0,10,5,0.18291160351926455,0.01492221187800169
10,0,30-c,1,4,"[19, 20, 21, 27, 28, 57, 58, 85, 89]",9,1-5,0.6666666666666666,0,10,5,0.14733352880561928,0.009176124818623066
11,1,30-c,1,4,"[19, 20, 21, 27, 28, 57, 58, 85, 89]",9,1-5,0.6666666666666666,0,10,5,0.1652792334963341,0.014292893931269646
10,0,31-c,1,4,"[51, 52, 67, 68, 79, 80, 84]",7,1-2,0.42857142857142855,0,8,2,0.037115833222336365,0.004454132169485092
11,1,31-c,1,4,"[51, 52, 67, 68, 79, 80, 84]",7,1-2,0.42857142857142855,0,8,2,0.049931349180432946,0.009878626093268394
10,0,32-c,1,4,"[14, 15, 46, 47, 62, 63]",6,2-3,0.8333333333333334,0,8,3,0.05143621203826724,0.004105316940695047
11,1,32-c,1,4,"[14, 15, 46, 47, 62, 63]",6,2-3,0.8333333333333334,0,8,3,0.05906058310583143,0.009317727759480476
10,0,33-c,1,4,"[5, 7, 11, 24, 33, 60]",6,1-3,0.6666666666666666,0,7,3,0.13040530348675397,0.01011232752352953
11,1,33-c,1,4,"[5, 7, 11, 24, 33, 60]",6,1-3,0.6666666666666666,0,7,3,0.1466261189382179,0.015011890791356564
10,0,34-c,1,4,"[8, 9, 19, 20, 21, 27, 28, 61, 91]",9,1-5,0.6666666666666666,0,10,5,0.15915952829356278,0.009319771081209183
11,1,34-c,1,4,"[8, 9, 19, 20, 21, 27, 28, 61, 91]",9,1-5,0.6666666666666666,0,10,5,0.18064132456513252,0.014611363410949707
10,0,35-c,1,4,"[14, 15, 16, 19, 46, 47]",6,2-3,0.8333333333333334,0,8,3,0.023369408682059976,0.0028176791965961456
11,1,35-c,1,4,"[14, 15, 16, 19, 46, 47]",6,2-3,0.8333333333333334,0,8,3,0.03103149816209684,0.007075057365000248
10,0,36-c,1,4,"[19, 20, 27, 28, 91]",5,1-2,0.6,0,6,2,0.20089521077816774,0.010776721872389317
11,1,36-c,1,4,"[19, 20, 27, 28, 91]",5,1-2,0.6,0,6,2,0.22333708896534066,0.017009174451231956
10,0,37-c,1,4,"[22, 23, 25, 26, 32, 44, 73, 88]",8,1-2,0.375,0,9,2,0.18267943051196106,0.01034996472299099
11,1,37-c,1,4,"[22, 23, 25, 26, 32, 44, 73, 88]",8,1-2,0.375,0,9,2,6.93402200085804,0.24586789309978485
10,0,38-c,1,4,"[14, 15, 19, 20, 27, 28, 46, 47, 62, 90]",10,2-5,0.7,0,12,5,0.07724751257457102,0.005236824508756399
11,1,38-c,1,4,"[14, 15, 19, 20, 27, 28, 46, 47, 62, 90]",10,2-5,0.7,0,12,5,0.0918244594502756,0.011112745851278305
10,0,39-c,1,4,"[2, 3, 13, 56, 67, 70]",6,1-4,0.8333333333333334,0,7,4,0.08769074929921976,0.006188998930156231
11,1,39-c,1,4,"[2, 3, 13, 56, 67, 70]",6,1-4,0.8333333333333334,0,7,4,0.0983551022345308,0.01144859567284584
10,0,40-c,1,4,"[14, 15, 46, 47, 62, 63, 64]",7,1-2,0.42857142857142855,0,8,2,0.07030658701337195,0.004728337284177542
11,1,40-c,1,4,"[14, 15, 46, 47, 62, 63, 64]",7,1-2,0.42857142857142855,0,8,2,0.08866179463603366,0.010716035030782223
10,0,42-c,1,4,"[2, 3, 13, 39, 40, 67, 68]",7,1-5,0.8571428571428571,0,8,5,0.09169995152800169,0.006849144119769335
11,1,42-c,1,4,"[2, 3, 13, 39, 40, 67, 68]",7,1-5,0.8571428571428571,0,8,5,0.10117721890180299,0.011829027906060219
10,0,43-c,1,4,"[41, 42, 58, 85, 89]",5,1-0,0.2,0,6,0,0.020482574877861454,0.005061965435743332
11,1,43-c,1,4,"[41, 42, 58, 85, 89]",5,1-0,0.2,0,6,0,0.025547677489767724,0.009945150464773178
10,0,44-c,1,4,"[25, 26, 32, 44, 73]",5,1-2,0.6,0,6,2,0.05428849325624945,0.006421172060072422
11,1,44-c,1,4,"[25, 26, 32, 44, 73]",5,1-2,0.6,0,6,2,0.06466948989154732,0.01177316252142191
10,0,46-c,1,4,"[5, 7, 11, 24, 33, 48, 60]",7,1-3,0.5714285714285714,0,8,3,0.11427735616674825,0.007484821602702141
11,1,46-c,1,4,"[5, 7, 11, 24, 33, 48, 60]",7,1-3,0.5714285714285714,0,8,3,0.1316080835892942,0.014141302555799484
10,0,47-c,1,4,"[3, 51, 52, 67, 68, 71, 72, 79, 80, 84]",10,1-2,0.3,0,11,2,0.039034225110791194,0.004258150700479746
11,1,47-c,1,4,"[3, 51, 52, 67, 68, 71, 72, 79, 80, 84]",10,1-2,0.3,0,11,2,0.055526769712309375,0.010224193334579468
10,0,48-c,1,4,"[5, 24, 33, 48, 83]",5,1-2,0.6,0,6,2,0.1278716070839202,0.012673107907176018
11,1,48-c,1,4,"[5, 24, 33, 48, 83]",5,1-2,0.6,0,6,2,0.14676788843410785,0.018347153440117836
10,0,49-c,1,4,"[22, 23, 73, 74, 75, 82, 88]",7,1-3,0.5714285714285714,0,8,3,0.20378089362619292,0.011499487794935703
11,1,49-c,1,4,"[22, 23, 73, 74, 75, 82, 88]",7,1-3,0.5714285714285714,0,8,3,0.22919558332474274,0.016629664227366447
10,0,50-c,1,4,"[17, 18, 22, 23, 25, 26, 32, 43, 44, 53, 73, 87, 88]",13,2-3,0.38461538461538464,0,15,3,0.19177547367583134,0.011636786162853241
11,1,50-c,1,4,"[17, 18, 22, 23, 25, 26, 32, 43, 44, 53, 73, 87, 88]",13,2-3,0.38461538461538464,0,15,3,0.20641507172971443,0.016021424904465675
10,0,51-c,1,4,"[17, 18, 22, 23, 25, 32, 43, 45, 53, 73, 87, 88]",12,2-4,0.5,0,14,4,0.1883531094966486,0.011355893686413765
11,1,51-c,1,4,"[17, 18, 22, 23, 25, 32, 43, 45, 53, 73, 87, 88]",12,2-4,0.5,0,14,4,0.2037028977124989,0.01572062261402607
10,0,52-c,1,4,"[17, 18, 22, 23, 25, 26, 32, 43, 44, 45, 53, 73, 87, 88]",14,2-3,0.35714285714285715,0,16,3,1.2197202015827615,0.09687264263629913
11,1,52-c,1,4,"[17, 18, 22, 23, 25, 26, 32, 43, 44, 45, 53, 73, 87, 88]",14,2-3,0.35714285714285715,0,16,3,0.9519920522588314,0.16418765485286713
10,0,53-c,1,4,"[17, 18, 22, 23, 43, 45, 53, 73, 74, 75, 82, 87, 88]",13,2-4,0.46153846153846156,0,15,4,0.20824863542087266,0.012275269255042076
11,1,53-c,1,4,"[17, 18, 22, 23, 43, 45, 53, 73, 74, 75, 82, 87, 88]",13,2-4,0.46153846153846156,0,15,4,0.22638219577574162,0.017201093956828117
10,0,55-c,1,4,"[17, 18, 22, 23, 25, 26, 32, 43, 44, 53, 73, 88]",12,2-2,0.3333333333333333,0,14,2,0.2936431987462494,0.016379283741116524
11,1,55-c,1,4,"[17, 18, 22, 23, 25, 26, 32, 43, 44, 53, 73, 88]",12,2-2,0.3333333333333333,0,14,2,0.3158146830874045,0.02144649811089039
10,0,56-c,1,4,"[8, 10, 14, 15, 16, 19, 21, 46, 47, 61, 77, 78]",12,2-5,0.5833333333333334,0,14,5,0.05932603065823478,0.004759592469781637
11,1,56-c,1,4,"[8, 10, 14, 15, 16, 19, 21, 46, 47, 61, 77, 78]",12,2-5,0.5833333333333334,0,14,5,0.07694436791014538,0.009699458256363869
10,0,59-c,1,4,"[17, 18, 22, 23, 25, 26, 32, 43, 45, 53, 73, 87, 88]",13,2-4,0.46153846153846156,0,15,4,0.1864952355168938,0.010988217778503895
11,1,59-c,1,4,"[17, 18, 22, 23, 25, 26, 32, 43, 45, 53, 73, 87, 88]",13,2-4,0.46153846153846156,0,15,4,0.20368588417645794,0.015947291627526283
10,0,test,1,4,"[39, 68, 84]",3,1-2,1.0,0,4,2,0.06111948192116411,0.006840761285275221
11,1,test,1,4,"[39, 68, 84]",3,1-2,1.0,0,4,2,0.06844978151301584,0.010880469344556332
10,0,0-c,2,4,"[14, 47, 62, 64]",4,2-3,1.25,0,6,3,0.08668328854241082,0.005641823634505272
11,1,0-c,2,4,"[14, 47, 62, 64]",4,2-3,1.25,0,6,3,0.10499824581354576,0.011622761376202106
10,0,1-c,2,4,"[25, 26, 32, 73, 88]",5,1-3,0.8,0,6,3,0.07317110863331193,0.006441859994083643
11,1,1-c,2,4,"[25, 26, 32, 73, 88]",5,1-3,0.8,0,6,3,0.08476124916803894,0.01156889833509922
10,0,2-c,2,4,"[41, 42, 58]",3,1-1,0.6666666666666666,0,4,1,0.14292150347064136,0.010591847822070122
11,1,2-c,2,4,"[41, 42, 58]",3,1-1,0.6666666666666666,0,4,1,0.15537462497608134,0.014893073588609695
10,0,3-c,2,4,"[9, 49, 66]",3,1-1,0.6666666666666666,0,4,1,0.03650286717952762,0.0035866559483110905
11,1,3-c,2,4,"[9, 49, 66]",3,1-1,0.6666666666666666,0,4,1,0.05587602707592412,0.009878752753138542
10,0,4-c,2,4,"[11, 60]",2,1-0,0.5,0,3,0,0.006660889010246724,0.0027679235208779573
11,1,4-c,2,4,"[11, 60]",2,1-0,0.5,0,3,0,0.009889507514720269,0.007485229056328535
10,0,5-c,2,4,"[51, 52, 79]",3,1-1,0.6666666666666666,0,4,1,0.20590165023915696,0.012689040042459965
11,1,5-c,2,4,"[51, 52, 79]",3,1-1,0.6666666666666666,0,4,1,0.22994834430228023,0.018405338749289513
10,0,6-c,2,4,"[74, 76]",2,1-1,1.0,0,3,1,0.18637157120028724,0.011863636784255505
11,1,6-c,2,4,"[74, 76]",2,1-1,1.0,0,3,1,0.2120955824214156,0.017129499465227127
10,0,7-c,2,4,"[36, 38, 59]",3,1-2,1.0,0,4,2,0.07207890768943291,0.005339533556252718
11,1,7-c,2,4,"[36, 38, 59]",3,1-2,1.0,0,4,2,0.09053810298685755,0.01116693951189518
10,0,8-c,2,4,"[17, 18, 43, 53]",4,2-1,0.75,0,6,1,0.4045278740065326,0.019662098959088326
11,1,8-c,2,4,"[17, 18, 43, 53]",4,2-1,0.75,0,6,1,0.4350004766737958,0.024944230914115906
10,0,9-c,2,4,"[51, 52, 68, 84]",4,1-2,0.75,0,5,2,0.08093645283200573,0.00731974421069026
11,1,9-c,2,4,"[51, 52, 68, 84]",4,1-2,0.75,0,5,2,0.0911524469080851,0.012062340043485165
10,0,10-c,2,4,"[5, 7, 24, 33]",4,1-4,1.25,0,5,4,0.13639834994286207,0.011390325613319874
11,1,10-c,2,4,"[5, 7, 24, 33]",4,1-4,1.25,0,5,4,0.15415936482288536,0.01659267023205757
10,0,12-c,2,4,"[25, 26, 44]",3,1-0,0.3333333333333333,0,4,0,0.014107749329894071,0.003655234584584832
11,1,12-c,2,4,"[25, 26, 44]",3,1-0,0.3333333333333333,0,4,0,0.018603054056034914,0.007439900655299425
10,0,13-c,2,4,"[24, 33]",2,1-2,1.5,0,3,2,0.09679787014105946,0.010544360615313053
11,1,13-c,2,4,"[24, 33]",2,1-2,1.5,0,3,2,0.11248278125381564,0.014811411499977112
10,0,14-c,2,4,"[51, 52, 79, 80, 84]",5,1-0,0.2,0,6,0,0.025280410106465503,0.007156874984502792
11,1,14-c,2,4,"[51, 52, 79, 80, 84]",5,1-0,0.2,0,6,0,0.03173297061360994,0.012968768365681171
10,0,15-c,2,4,"[14, 15, 19, 21, 46, 47, 57, 58, 85, 89]",10,2-6,0.8,0,12,6,0.06279709650693585,0.0052911764942109585
11,1,15-c,2,4,"[14, 15, 19, 21, 46, 47, 57, 58, 85, 89]",10,2-6,0.8,0,12,6,0.0770718235390529,0.009956197813153267
10,0,16-c,2,4,"[3, 36, 38, 39, 40, 59, 67, 68]",8,1-5,0.75,0,9,5,0.10842313005360746,0.007490615826100111
11,1,16-c,2,4,"[3, 36, 38, 39, 40, 59, 67, 68]",8,1-5,0.75,0,9,5,0.1271536387041315,0.012960921041667461
10,0,18-c,2,4,"[8, 21, 57, 58, 61, 85]",6,1-5,1.0,0,7,5,0.1347171933222043,0.008933978155255318
11,1,18-c,2,4,"[8, 21, 57, 58, 61, 85]",6,1-5,1.0,0,7,5,0.15048637176238974,0.013269871473312378
10,0,20-c,2,4,"[19, 21, 34, 47, 57, 64]",6,2-4,1.0,0,8,4,0.04938516833678791,0.00550229474902153
11,1,20-c,2,4,"[19, 21, 34, 47, 57, 64]",6,2-4,1.0,0,8,4,0.05588441954083364,0.00915435142815113
10,0,21-c,2,4,"[2, 3, 13, 67, 69, 70]",6,1-3,0.6666666666666666,0,7,3,0.08955066206260329,0.006346628535538912
11,1,21-c,2,4,"[2, 3, 13, 67, 69, 70]",6,1-3,0.6666666666666666,0,7,3,0.10236211814046171,0.011487131007015705
10,0,22-c,2,4,"[36, 38, 39, 40, 51, 59, 68, 84]",8,1-3,0.5,0,9,3,0.09806009918280445,0.008083708584308624
11,1,22-c,2,4,"[36, 38, 39, 40, 51, 59, 68, 84]",8,1-3,0.5,0,9,3,0.12238153392733776,0.013699371367692947
10,0,23-c,2,4,"[2, 3, 51, 67, 68, 84]",6,1-5,1.0,0,7,5,0.09160615603135955,0.006807715632021427
11,1,23-c,2,4,"[2, 3, 51, 67, 68, 84]",6,1-5,1.0,0,7,5,0.10906274125057025,0.011868389323353767
10,0,24-c,2,4,"[39, 51, 52, 68, 79, 80, 84]",7,1-1,0.2857142857142857,0,8,1,0.042087953004309994,0.005214941222220659
11,1,24-c,2,4,"[39, 51, 52, 68, 79, 80, 84]",7,1-1,0.2857142857142857,0,8,1,0.04882900761586359,0.010152132250368595
10,0,25-c,2,4,"[19, 20, 27, 28, 47, 62, 63, 64]",8,2-3,0.625,0,10,3,0.142729972190959,0.00857060682028532
11,1,25-c,2,4,"[19, 20, 27, 28, 47, 62, 63, 64]",8,2-3,0.625,0,10,3,0.16412284122536325,0.014847639948129654
10,0,26-c,2,4,"[8, 10, 21, 34, 35, 57, 61, 81]",8,1-4,0.625,0,9,4,0.13601468897473787,0.00857063289731741
11,1,26-c,2,4,"[8, 10, 21, 34, 35, 57, 61, 81]",8,1-4,0.625,0,9,4,0.16150322970643788,0.014158003032207489
10,0,27-c,2,4,"[19, 20, 21, 27, 28, 34, 35, 57, 90]",9,1-4,0.5555555555555556,0,10,4,0.05839452516243248,0.004802324343472719
11,1,27-c,2,4,"[19, 20, 21, 27, 28, 34, 35, 57, 90]",9,1-4,0.5555555555555556,0,10,4,0.0754293600076984,0.009766444563865662
10,0,28-c,2,4,"[8, 10, 21, 41, 57, 58, 61, 81]",8,1-5,0.75,0,9,5,0.1444169459536684,0.008833709172904491
11,1,28-c,2,4,"[8, 10, 21, 41, 57, 58, 61, 81]",8,1-5,0.75,0,9,5,0.16557583131327105,0.014329854398965836
10,0,29-c,2,4,"[14, 15, 19, 20, 27, 28, 46, 47]",8,2-5,0.875,0,10,5,0.1316970749298044,0.007881217636168003
11,1,29-c,2,4,"[14, 15, 19, 20, 27, 28, 46, 47]",8,2-5,0.875,0,10,5,0.1492879708779408,0.01364581473171711
